metric,value
7_day_retention,0.0010462683096954196
30_day_retention,0.002441292722622646
